{
  "label": "baseline_vllm",
  "tput_tok_s": 700.36723316052,
  "p50_ttft_ms": 33213.793156053405,
  "p99_ttft_ms": 48995.6191170495,
  "elapsed_s": 89.78,
  "n_completed": 500,
  "n_errors": 0
}